受験 アプリ,1100
受験 アニメ,232
受験 焦り,154
受験 あるある,793
受験 暗記,56
受験 遊び,0
受験 暗記ゲー,0
受験 アドバイス,100
受験 ao,0
受験 a方式,0
受験 意味,430
受験 イラスト,1431
受験 息抜き,352
受験 イライラ,286
受験 インフルエンザ,154
受験 いつ,77
受験 嫌だ,0
受験 医学部,33
受験 椅子,0
受験 嫌,0
受験 うつ,969
受験 占い,649
受験 運動,188
受験 腕時計,352
受験 運,154
受験 運動不足,22
受験 上履き,56
受験 受かった,0
受験 受かる気がしない,0
受験 受かりたい,0
受験 英語,3191
受験 映画,286
受験 英単語,0
受験 英検,0
受験 エピソード,154
受験 鉛筆,232
受験 英文法,0
受験 縁起物,0
受験 英語で言うと,0
受験 es,0
受験 落ちた,2640
受験 お菓子,1431
受験 応援ソング,2090
受験 お守り,1431
受験 応援,2640
受験 親,528
受験 お守り 手作り,576
受験 おなきん,0
受験 応援ソング greeeen,0
受験 応援ソング 洋楽,36
受験 歌,793
受験 彼氏,528
受験 壁紙,649
受験 格言,286
受験 漢字,232
受験 彼氏 邪魔,0
受験 韓国語,0
受験 カレンダー,430
受験 カップル,0
受験 神様,100
受験 曲,352
受験 キャッチコピー,0
受験 キットカット,154
受験 切り替え,0
受験 教科書,0
受験 きつい,0
受験 教科,0
受験 教材,0
受験 季語,0
受験 キャンペーン,0
受験 苦しい,77
受験 クローバー,0
受験 くじけそう,0
受験 悔しい,0
受験 クッション,0
受験 くだらない,0
受験 クッキー,0
受験 くもん,0
受験 靴,44
受験 クラス 雰囲気,0
受験 計画,232
受験 携帯,286
受験 計画表,122
受験 掲示板,352
受験 計画 アプリ,0
受験 消しゴム,56
受験 検定,0
受験 結果待ち 不安,0
受験 敬語,0
受験 計画の立て方,0
受験 コピペ,352
受験 怖い,430
受験 言葉,528
受験 高校,122
受験 後悔,154
受験 恋,1100
受験 孤独,0
受験 国語,100
受験 告白,286
受験 恋人,0
受験 参考書,352
受験 サプリ,148500
受験 サイト,352
受験 作文,122
受験 算数,188
受験 サプリメント,232
受験 サブバッグ,188
受験 才能,0
受験 サプリ 同時 ログイン,0
受験 サプリ 受講 スケジュール,9
受験 失敗,2090
受験 小学校,100
受験 食事,154
受験 シャーペン,286
受験 小説,0
受験 写真,528
受験 しんどい,0
受験 失敗談,352
受験 趣味,0
受験 集中,0
受験 ストレス,1431
受験 スマホ,528
受験 スレ,969
受験 スケジュール,528
受験 スリッパ,649
受験 数学,430
受験 スーツ,1431
受験 筋トレ,0
受験 睡眠,0
受験 スランプ,154
受験 生理,286
受験 世界史,77
受験 生物,56
受験 成功,100
受験 川柳,122
受験 精神,0
受験 戦争,969
受験 戦略,77
受験 精神病,0
受験 性格 変わる,0
受験 速報,1431
受験 相談,188
受験 ソング,793
受験 ソシャゲ,0
受験 葬式,0
受験 素材,22
受験 添え状,0
受験 そろばん,0
受験 速報 まとめ,0
受験 掃除,0
受験 楽しい,122
受験 体力,77
受験 楽しむ,0
受験 単語,56
受験 楽しかった,0
受験 対策,969
受験 タバコ,0
受験 楽しみ,56
受験 体操,56
受験 体験記,0
受験 中学,154
受験 中国語,33
受験 調査書,122
受験 地理,44
受験 朝食,122
受験 昼食,56
受験 地学,0
受験 直前,352
受験 中学校,22
受験 ちゃんねる,2090
受験 辛い,649
受験 ツイッター,0
受験 付き合う,22
受験 机,154
受験 辛い 2ch,0
受験 月,22
受験 辛くない,0
受験 疲れる,0
受験 詰んだ,0
受験 積み木,0
受験 手帳,969
受験 手帳 おすすめ,0
受験 テレビ,100
受験 天王山,0
受験 テーマ 小説,0
受験 テクニック,77
受験 天才,0
受験 徹夜,0
受験 点数,0
受験 手遅れ,22
受験 時計,232
受験 時計 忘れ,36
受験 友達,77
受験 とは,0
受験 twitter,204
受験 時計 デジタル,36
受験 友達付き合い,0
受験 トラウマ,56
受験 toeic,0
受験 トイレ,33
受験 夏休み,1761
受験 悩み,154
受験 内申,33
受験 なんj,0
受験 内職,0
受験 習い事,0
受験 夏までに,0
受験 ナビ,2640
受験 悩み ランキング,0
受験 内申点,0
受験 にちゃん,286
受験 日本史,77
受験 日程,528
受験 ニュース,122
受験 日記,0
受験 逃げたい,77
受験 人間関係,33
受験 日本史 勉強法,0
受験 入試 違い,0
受験 日本史 世界史,0
受験 抜け毛,33
受験 抜毛症,0
受験 抜く,0
受験 ヌマクロー,0
受験 ぬいぐるみ,0
受験 抜け殻,0
受験 ぬりえ,0
受験 無理ゲー,0
受験 塗り絵,0
受験 小学校  ぬりえ,0
受験 ネタバレ,0
受験 年間スケジュール,0
受験 年度,0
受験 ネタ,56
受験 寝れない,0
受験 眠気覚まし,0
受験 寝坊,0
受験 眠気,0
受験 ネット,528
受験 年間計画,0
受験 ノート,286
受験 ノー勉,100
受験 ノート おすすめ,0
受験 飲み物,77
受験 ノートまとめ,0
受験 の 月,7920
受験 乗り越える,0
受験 伸びない,22
受験 ノート ルーズリーフ,0
受験 ノイローゼ,430
受験 励まし,232
受験 花言葉,33
受験 俳句,154
受験 半年,0
受験 判定,0
受験 春休み,0
受験 腹痛,100
受験 母,0
受験 発表,154
受験 母親 9割,0
受験 日めくりカレンダー,0
受験 費用,154
受験 必勝法,100
受験 昼寝,100
受験 標語,0
受験 必須アイテム,0
受験 票 名前 間違い,0
受験 必勝,56
受験 日にち,56
受験 引っ越し,0
受験 不安,1431
受験 太る,528
受験 太った,77
受験 不安 泣く,168
受験 服装,286
受験 風水,122
受験 服,0
受験 復習,0
受験 不登校,0
受験 振られた,0
受験 偏差値,154
受験 部屋,352
受験 偏差値とは,22
受験 弊害,0
受験 返信用封筒 書き方,0
受験 併願,11
受験 変更,0
受験 偏頭痛,0
受験 部屋 片付け,0
受験 併願とは,0
受験 本,232
受験 ホテル,528
受験 本 おすすめ,60
受験 ホーム画面,0
受験 本気,56
受験 ホテル ない,12
受験 方法,56
受験 ホワイトボード,0
受験 翻訳,11
受験 補欠,0
受験 まとめ,3191
受験 漫画,430
受験 待ち受け,430
受験 間に合わない,232
受験 マーチ,33
受験 ママ友,0
受験 間に合わせる,0
受験 負け組,0
受験 マークシート,22
受験 満点,0
受験 ミスチル,0
受験 水物,0
受験 耳栓,33
受験 見返す,22
受験 ミサンガ,44
受験 見返したい,0
受験 身が入らない,0
受験 無理,77
受験 無料,0
受験 無意味,0
受験 無謀,0
受験 無料 動画,0
受験 無駄,0
受験 向いてない,0
受験 無気力,77
受験 難しい,11
受験 無理だ,0
受験 名言,5941
受験 メンタル,430
受験 面接,649
受験 メッセージ,286
受験 名言 画像,168
受験 メシウマ,0
受験 名言 偉人,48
受験 名言 英語,312
受験 名言集,0
受験 めんどくさい,0
受験 モチベーション,528
受験 持ち物,649
受験 問題集,1761
受験 モチベーション 上げる,0
受験 模試,56
受験 目標,0
受験 問題,188
受験 燃え尽き,56
受験 モチベーション 本,0
受験 物語,0
受験 やる気,1100
受験 痩せる,0
受験 やる気 名言,168
受験 やめたい,286
受験 痩せた,77
受験 夜食,352
受験 やる気 画像,84
受験 やばい,154
受験 病む,77
受験 闇,0
受験 夢占い,22
受験 ユンケル,0
受験 有名人,0
受験 ユーチューブ,0
受験 友人関係,0
受験 有利な資格,0
受験 優先科目,0
受験 憂鬱,11
受験 郵送,0
受験 油断,0
受験 四字熟語,188
受験 幼稚園,100
受験 予定表,44
受験 洋楽,0
受験 読み方,0
受験 youtube 消す,0
受験 余裕,0
受験 youtube,0
受験 予備校,33
受験 幼児教室,0
受験 ライブ,100
受験 ランニング,0
受験 ライン,122
受験 ライバル,22
受験 ラジオ,22
受験 ランドセル,0
受験 ラムネ,0
受験 楽,11
受験 ライター,0
受験 楽勝,0
受験 理科,77
受験 リスニング,33
受験 旅行,122
受験 倫理,22
受験 リフレッシュ,11
受験 リュック,56
受験 理系,0
受験 離婚,0
受験 リサイクル,0
受験 料理,56
受験 類語,0
受験 ルーズリーフ,0
受験 ルーティン,0
受験 ルール,0
受験 恋愛,1100
受験 恋愛 我慢,0
受験 レシピ,188
受験 歴史 漫画,12
受験 レッスンバッグ,0
受験 レインコート,0
受験 恋愛禁止,0
受験 恋愛 両立,0
受験 恋愛 別れ,0
受験 恋愛 失敗,36
受験 浪人,122
受験 ロック画面,154
受験 ローマ字,0
受験 六月,0
受験 浪人 不安,0
受験 浪人 2ch,0
受験 浪人 失敗,0
受験 別れる,0
受験 ワンピース,100
受験 早稲田,22
受験 別れたい,0
受験 わからない,0
受験 ワーク,11
受験 笑える,0
受験 別れる 復縁,0
受験 笑う,0
受験 和訳,0
受験 を英語で,0
受験 ヲタク,0
受験 word navi,0
受験 n方式,0
受験 ngワード,0
受験 nhk,0
受験 n高等学校,0
受験 n高校,0
受験 vcp-nv,0
受験 nclex,0
受験 nhk 高校講座,0
受験 nsc,0
受験 n進法,0
受験 画像,1100
受験 頑張る,0
受験 我慢,0
受験 頑張れない,0
受験 願掛け,44
受験 合宿,56
受験 学校休む,0
受験 頑張れ,0
受験 ガラケー,0
受験 勝ち組,0
受験 逆転,0
受験 逆転 エピソード,0
受験 逆算,0
受験 嫌い,0
受験 ギター,0
受験 犠牲,0
受験 逆転合格,0
受験 逆転 2ch,0
受験 グッズ,430
受験 グッズ 文房具,0
受験 グッズ お菓子,0
受験 グループ面接,0
受験 グループディスカッション,0
受験 愚痴,0
受験 グリーン車,0
受験 グレる,0
受験 グッズ プレゼント,0
受験 グリコ,0
受験 ゲーム,649
受験 下克上,0
受験 ゲン担ぎ,0
受験 現代文,0
受験 ゲン担ぎ お菓子,0
受験 ゲーム 両立,0
受験 現実,0
受験 ゲーム 2ch,0
受験 現実逃避,0
受験 元気が出る曲,0
受験 合格,793
受験 合格祈願,0
受験 御三家,33
受験 合格発表,0
受験 合格 画像,0
受験 娯楽,0
受験 合格 占い,384
受験 五月,0
受験 ゴールデンウィーク,0
受験 語呂合わせ,0
受験 雑誌,122
受験 挫折,0
受験 座右の銘,0
受験 ざまあ,0
受験 罪悪感,0
受験 ざまぁ,0
受験 雑学,0
受験 受検,969
受験 神社,430
受験 塾,188
受験 塾なし,11
受験 情報,188
受験 時期,100
受験 神社 東京,60
受験 人生,44
受験 自信,44
受験 自信ない,0
受験 頭痛,0
受験 頭痛薬,0
受験 図鑑,0
受験 ズボン,0
受験 頭脳,0
受験 ストレス 頭痛,0
受験 小学校  図鑑,0
受験 逗子開成,0
受験 逗子高校,0
受験 生理 ずらす,0
受験 前日,1100
受験 全落ち,232
受験 絶望,0
受験 絶望的,0
受験 前期,0
受験 前期とは,0
受験 前泊,0
受験 絶対受かる方法,0
受験 絶対受かる,0
受験 前日 夕飯,0
受験 ゾーン,0
受験 造形教室,0
受験 増上寺,0
受験 造形大学,0
受験 造形大,0
受験 造園技能士,0
受験 造園施工管理技士,0
受験 片倉高校 造形美術,0
受験 増進会,0
受験 大学,188
受験 ダイエット,0
受験 団体戦,0
受験 だるい,0
受験 大逆転,0
受験 大学 勉強,0
受験 妥協,0
受験 ダジャレ,0
受験 高3,0
受験 断捨離,0
受験 試験 and  difference,0
受験 dish//,0
受験 diabolik lovers,0
受験 difference between  and 試験,0
受験 one direction,0
受験 キットカット dish//,0
受験 ib diploma,0
受験 疲れ,0
受験 疲れ 解消,0
受験 duo,0
受験 図形の性質,0
受験 図形,0
受験 小学校  図形,0
受験 duo 3.0,0
受験 duo 使い方,0
受験 duo 英語,0
受験 英単語 duo,0
受験 デッサン,0
受験 電子辞書,0
受験 デート,0
受験 伝説,0
受験 ディズニー,0
受験 dha,0
受験 デッサン 塾,0
受験 電子辞書 必要,0
受験 デッサン 独学,0
受験 電車,0
受験 ドラマ,1100
受験 動画,154
受験 読書,154
受験 独学,44
受験 ドーピング,0
受験 努力,33
受験 ドクター,1431
受験 ドイツ語,0
受験 ドラマ 高校,0
受験 ドラマ 子役,0
受験 倍率,286
受験 バイト,0
受験 倍率とは,0
受験 バッグ,0
受験 倍率 計算,0
受験 話,0
受験 板,1100
受験 倍率 高い,0
受験 爆死,0
受験 バイト いつまで,0
受験 病気,0
受験 平等,0
受験 ひきこもり,0
受験 貧乏ゆすり,0
受験 病気 浪人,0
受験 ブログ,4840
受験 文房具,0
受験 部活,44
受験 物理,100
受験 ブログ村,286
受験 物理 勉強法,0
受験 ブログ 中学,0
受験 文法,0
受験 文系 数学,0
受験 物理 化学,0
受験 勉強,10890
受験 勉強時間,3961
受験 勉強法,528
受験 弁当,352
受験 勉強 いつから,1200
受験 勉強方法,649
受験 勉強 親 うるさい,0
受験 勉強 スケジュール,384
受験 勉強 頑張れる 歌,9
受験 勉強法 本,36
受験 坊主,0
受験 ボールペン,0
受験 ぼっち,0
受験 妨害,0
受験 ボカロ,0
受験 母子手帳,0
受験 ボーダー,0
受験 パワーストーン,0
受験 パワースポット,0
受験 パスナビ,154
受験 パニック障害,0
受験 パニック,0
受験 パンプス,0
受験 パソコン 封印,0
受験 ピエール,154
受験 ピアス,0
受験 ピアノ,0
受験 ピエール 2017,0
受験 ピル,0
受験 ピエール 意味,0
受験 ピエール 元ネタ,0
受験 ピエール とは,0
受験 ピエール 2016,0
受験 プレゼント,0
受験 プリンター,0
受験 プリ画,0
受験 プリント 整理,0
受験 プライド,0
受験 プレッシャー,0
受験 プレゼント 彼氏,0
受験 プレゼント 友達,0
受験 プレッシャー 克服,0
受験 プレゼント 彼女,0
受験 ペン,0
受験 ペース,0
受験 ペット,0
受験 ペン回し,0
受験 ペンケース,0
受験 ペア画,0
受験 ペンだこ,0
受験 ペン おすすめ,0
受験 ペンパル,0
受験 小学校  ペーパー,0
受験 ポエム,286
受験 ポジティブ,0
受験 ポロシャツ,0
受験 ポケモン,0
受験 pop,0
受験 ポッキー,0
受験 ポイント,0
受験 ポスター,0
受験 ポニーテール,0
受験 ポテンシャル,0
受験 キャリーバッグ,0
受験 キャラ弁,0
受験 キャラクター,0
受験 キャンセル,0
受験 キャスフィ,0
受験 キャップ,0
受験 toeic  キャンセル,0
受験 簿記  キャンセル,0
受験 休日,0
受験 休憩時間,0
受験 休憩,0
受験 キュロット,11
受験 休憩日,0
受験 恐怖,0
受験 兄弟,0
受験 教科 順番,0
受験 矯正,0
受験 教訓,0
受験 京都 神社,0
受験 社会,100
受験 写真 髪型,0
受験 写真 服装,60
受験 社会人,0
受験 写真 サイズ,84
受験 写真 フリー,0
受験 社会科目,0
受験 社会 選択,0
受験 出席日数,0
受験 就職,0
受験 宿泊,286
受験 集中できない,0
受験 種類,0
受験 酒,0
受験 集中力,0
受験 就職 結婚,0
受験 小論文,44
受験 小学生,22
受験 色,0
受験 小説 おすすめ,0
受験 食生活,0
受験 証明写真 サイズ,0
受験 小学校 中学校,0
受験 チャート,0
受験 c判定,0
受験 茶髪,0
受験 チャット,0
受験 チャレンジ,0
受験 茶番,0
受験 着彩,0
受験 茶封筒,0
受験 チャレンジ支援,0
受験 中国,0
受験 中学 ブログ,0
受験 昼夜逆転,0
受験 昼食 コンビニ,0
受験 チョコ,0
受験 朝食 カレー,0
受験 朝型,0
受験 長所,0
受験 直前 やる気 なくなる,0
受験 朝食 メニュー,0
受験 長老,0
受験 にゃん太郎,0
受験 にゃんこ,0
受験 ニュース 面接,0
受験 入院,0
受験 入試日程,0
受験 入試,0
受験 入学金 返還,0
受験 ニュース アプリ,0
受験 入試科目,0
受験 入浴,0
受験 尿意,0
受験 にょ,0
受験 如水館,0
受験 百人一首,0
受験 百均,0
受験 百合,0
受験 スーツ 百貨店,0
受験 ヒャダイン,0
受験 百式英単語,0
受験 百人一首 暗記,0
受験 百合学院高校,0
受験 百合学院中学校,0
受験 百度参り,0
受験 ヒューマンキャンパス高等学校,0
受験 ヒューマンアカデミー,0
受験 ヒューマン国際大学機構,0
受験 ヒューマンアカデミー 広島,0
受験 ヒューマンアカデミー 仙台,0
受験 ヒューマンアカデミー高等学校,0
受験 名古屋学芸大学 ヒューマンケア学部,0
受験 票 印刷 用紙,0
受験 票 写真 サイズ 違う,0
受験 評定,0
受験 標準化,0
受験 評定平均,0
受験 票,793
受験 兵庫,0
受験 評論文,0
受験 脈あり,0
受験 μ's,0
受験 ミュージカル科,0
受験 ミュージカルコース,0
受験 ミューズ,0
受験 明後日,0
受験 明星小学校,0
受験 明星中学,0
受験 明星学園中学,0
受験 明星学園 小学校,0
受験 明星幼稚園,0
受験 明星高校,0
受験 明星大,0
受験 みょうじょう幼稚園,0
受験 明王台高校,0
受験 略語,0
受験 略称,0
受験 略語 英語,0
受験 りゅう,0
受験 留学,0
受験 リュケイオン,0
受験 大学  リュック,0
受験 大学  留学生,0
受験 専門学校  リュック,0
受験 沖縄  琉球大学,0
受験 龍谷大学,0
受験 琉球大学,0
受験 料 振込 郵便 局,0
受験 旅行 持ち物,0
受験 寮,0
受験 良問,0
受験 両親 喧嘩,0
受験 旅行会社,0
受験 料,528
受験 緑茶,0
受験 牛乳,0
受験 行列,0
受験 行書,0
受験 行政書士,0
受験 業界,0
受験 暁星小学校,0
受験 暁星幼稚園,0
受験 暁星幼稚園  ブログ,0
受験 暁星国際小学校,0
受験 暁星中学,0
受験 行政書士  ブログ,0
受験 ジャック,0
受験 ジャニーズ,0
受験 邪魔,0
受験 ジャニヲタ,0
受験 ジャンパースカート,0
受験 ジャニーズ 曲,0
受験 熟語,0
受験 住民票,0
受験 塾 費用,12
受験 塾 必要,24
受験 塾なし 大学,0
受験 塾 ランキング,12
受験 塾行かない,44
受験 情緒不安定,0
受験 情報戦,0
受験 定規,0
受験 ジョギング,0
受験 びゅう,0
受験 秒針 音,0
受験 秒針,0
受験 病欠,0
受験 ストレス 病気,48
受験 時計 秒針,0
受験 医学部  病気,0
受験 国立小学校  病気,0
